"week","content_type","target_keyword","url","search_intent"
"1","money guide","s9 game games","games/mines","Primary ranking page"
"1","faq","how to use s9 game games","faq","Question intent"
"2","update","s9 game games latest update","updates","Freshness"
"2","support","Teen Patti Guide","games/teen-patti","Problem solving"
"3","comparison","s9 game games alternative","blog/ranking-review","Comparison intent"
"3","trust","is s9 game games safe","blog/search-intent-map","Trust intent"
"4","local","s9 game games pakistan","games/dragon-tiger","Regional intent"
"4","maintenance","S9 Game Rules Academy weekly check","blog/weekly-check","Update rhythm"
"5","long-tail article","s9 game games mines beginner rules","blog/mines-beginner-rules","Long-tail supporting page"
"5","long-tail article","s9 game games teen patti basics","blog/teen-patti-basics","Long-tail supporting page"
"6","long-tail article","s9 game games dragon tiger basics","blog/dragon-tiger-basics","Long-tail supporting page"
"6","long-tail article","s9 game games game risk notes","blog/game-risk-notes","Long-tail supporting page"
"7","long-tail article","s9 game games beginner lesson plan","blog/beginner-lesson-plan","Long-tail supporting page"
"7","long-tail article","s9 game games responsible play checklist","blog/responsible-play-checklist","Long-tail supporting page"
"8","weekly update","s9 game games week 01 mines lesson refresh","updates/week-01-mines-lesson-refresh","Freshness and maintenance page"
"8","weekly update","s9 game games week 02 teen patti lesson refresh","updates/week-02-teen-patti-lesson-refresh","Freshness and maintenance page"
"9","weekly update","s9 game games week 03 dragon tiger lesson refresh","updates/week-03-dragon-tiger-lesson-refresh","Freshness and maintenance page"
"9","weekly update","s9 game games week 04 beginner path audit","updates/week-04-beginner-path-audit","Freshness and maintenance page"
"10","weekly update","s9 game games week 05 risk note refresh","updates/week-05-risk-note-refresh","Freshness and maintenance page"
"10","weekly update","s9 game games week 06 responsible play faq","updates/week-06-responsible-play-faq","Freshness and maintenance page"
"11","weekly update","s9 game games week 07 example update","updates/week-07-example-update","Freshness and maintenance page"
"11","weekly update","s9 game games week 08 lesson order review","updates/week-08-lesson-order-review","Freshness and maintenance page"
"12","weekly update","s9 game games week 09 faq rewrite","updates/week-09-faq-rewrite","Freshness and maintenance page"
"12","weekly update","s9 game games week 10 internal link pass","updates/week-10-internal-link-pass","Freshness and maintenance page"
"13","weekly update","s9 game games week 11 serp title test","updates/week-11-serp-title-test","Freshness and maintenance page"
"13","weekly update","s9 game games week 12 content pruning","updates/week-12-content-pruning","Freshness and maintenance page"
"sprint-2026-06-13","long-tail support","s9 game games mines rules and risk notes for beginners","blog/mines-risk-and-rules","game rules page 1"
"sprint-2026-06-13","long-tail support","s9 game games dragon tiger beginner checklist","blog/dragon-tiger-beginner-checklist","game tutorial page 2"
"sprint-2026-06-13","long-tail support","s9 game games game rules to read before deposit","blog/game-rules-before-deposit","responsible play education page 3"
"register-login-2026-06-13","register-login cluster","s9 game games after register: which s9 game should beginners open first","blog/after-register-which-game-first","post-registration game choice"
"register-login-2026-06-13","register-login cluster","s9 game games login dashboard and game menu guide","blog/login-dashboard-game-menu-guide","dashboard tutorial"
"register-login-2026-06-13","register-login cluster","s9 game games register age check and responsible play note","blog/register-age-and-responsible-play","responsible registration"
"account-wallet-support-2026-06-13","support cluster","do not deposit before reading s9 game rules","blog/deposit-before-reading-game-rules","rules after login"
"account-wallet-support-2026-06-13","support cluster","s9 game menu support for new users","blog/game-menu-support-for-new-users","rules after login"
"daily-2026-06-14","daily freshness","dragon tiger rules to read after login","blog/dragon-tiger-after-login-rules","post-login game rule education"
"pillar-2026-06-14","pillar hub","s9 game pakistan rules","game-rules-hub","game education authority"
"daily-2026-06-16","daily support page","check balance before opening the s9 game menu","blog/check-balance-before-opening-game-menu","game menu and balance education"
"serp-intent","SERP intent page","s9 game pakistan","blog/s9-game-pakistan-guide-2026-06-17/","pakistan"
"daily-2026-06-17","long-tail intent","s9 game rules pakistan guide","blog/s9-game-rules-pakistan-guide-2026-06-17","daily ranking support"
"daily-2026-06-17","long-tail intent","s9 game pakistan playbook","blog/s9-game-pakistan-guide-2026-06-17","daily ranking support"
"daily-2026-06-18","long-tail intent","S9 Game Pakistan Rules and New User Guide","blog/s9-game-pakistan-guide-2026-06-18/","intent"
"second-wave-longtail","Support intent page","s9 game how to play pakistan","blog/s9-how-to-play-pakistan-beginner-guide/","how to play"
"daily-2026-06-19","long-tail intent","S9 Game Pakistan Rules and New User Guide","blog/s9-game-pakistan-guide-2026-06-19/","intent"
"serp-intent","SERP intent page","s9 game pakistan","blog/s9-game-pakistan-guide-2026-06-19/","pakistan"
"serp-intent","SERP intent page","s9 game pakistan","blog/s9-game-pakistan-guide-2026-06-20/","pakistan"
"serp-intent","SERP intent page","s9 game pakistan","blog/s9-game-pakistan-guide-2026-06-24/","pakistan"
"serp-intent","SERP intent page","s9 game pakistan","blog/s9-game-pakistan-guide-2026-06-26/","pakistan"
"competitor-response","Competitor gap response","s9 game Pakistan rules","blog/game-rules-competitor-gap-2026-06-28/","rules"
"ranking-push","Competitor gap depth page","s9 mines rules Pakistan beginner","blog/s9-mines-rules-beginner-gap-2026-06-29/","mines-rules"
"ranking-push","Competitor gap depth page","s9 dragon tiger rules Pakistan beginner","blog/s9-dragon-tiger-rules-beginner-2026-06-30/","dragon-tiger-rules"
"ranking-push","Competitor gap depth page","s9 mines game rules Pakistan","blog/s9-mines-game-rules-pakistan-2026-07-01/","mines-rules-beginner"
"ranking-push","Competitor gap depth page","s9 teen patti rules Pakistan beginner","blog/s9-teen-patti-rules-pakistan-2026-07-02/","teen-patti-rules-beginner"
"ranking-push","Competitor gap depth page","s9 teen patti rules Pakistan beginner","blog/s9-teen-patti-rules-pakistan-2026-07-03/","teen-patti-rules-beginner"
"ranking-push","Competitor intent depth","s9 game pakistan","blog/s9-game-rules-guidance-pakistan-2026-07-03/","s9-game-rules-guidance"
"ranking-push","Competitor intent depth","s9 game pakistan","blog/s9-game-rules-serp-check-2026-07-04/","s9-game-rules-guidance"
"ranking-push","Competitor intent depth","s9 game pakistan","blog/s9-mines-roulette-rules-beginner-guide-2026-07-05/","s9-game-rules-guidance"
"ranking-push","Competitor intent depth","s9 game pakistan","blog/s9-mines-roulette-rules-beginner-guide-2026-07-07/","s9-game-rules-guidance"
"ranking-push","Competitor intent depth","s9 game pakistan","blog/s9-dragon-tiger-rules-beginner-guide-2026-07-09/","s9-game-rules-guidance"
"ranking-push","Competitor intent depth","s9 game pakistan","blog/s9-dragon-tiger-rules-beginner-guide-2026-07-10/","s9-game-rules-guidance"
"ranking-push","Competitor intent depth","s9 game pakistan","blog/s9-dragon-tiger-rules-beginner-guide-2026-07-11/","s9-game-rules-guidance"
"14","weekly update","s9 game teen patti mines rules","updates/week-14-game-mechanics-vs-risk/","Freshness and troubleshooting alignment"

